{
  "project_info": {
    "project_number": "750524016743",
    "project_id": "hospital-a32f7",
    "storage_bucket": "hospital-a32f7.firebasestorage.app"
  },
  "client": [
    {
      "client_info": {
        "mobilesdk_app_id": "1:750524016743:android:cc53af9f83203379614cc2",
        "android_client_info": {
          "package_name": "com.example.hospitalmanagement"
        }
      },
      "oauth_client": [],
      "api_key": [
        {
          "current_key": "AIzaSyA64tTsO_lYN4pdWsspTmBbICXeIiv_TSg"
        }
      ],
      "services": {
        "appinvite_service": {
          "other_platform_oauth_client": []
        }
      }
    }
  ],
  "configuration_version": "1"
}